{
  "mu": 1.4867649331925938,
  "alphas": [
    8.73491792060697,
    2.984121248446744e-9,
    0.0015919465871715658
  ],
  "betas": [
    10.0,
    1.0,
    0.1
  ],
  "excitations": [
    0.0,
    0.0,
    0.0
  ],
  "last_timestamp_sec": null
}